p	#Rosenmontag ist abgesagt. #Rapefugees also wieder wie gewohnt ins Schwimmbad gehen!
n	bitte nicht die #Türkei zum #EU-Mitglied machen! #Menschenrechte #Pressefreiheit #Islamisierung
p	Wieso bekommen #rapefugees mehr als unsere Hartz 4 Enpfänger?  #esreicht
hs	Den verfluchten #Rapefugees den Krieg erklären! #wasfehlt
n	War das Wochenende im Ruhrpott unterwegs. Überall schwangere, muslimische Frauen mit einem Rattenschwanz an Kindern #Islamisierung
n	#Asylanteninvasion Wenn es auf unseren Straßen zu Gewaltausbrüchen kommt - Die Verantwortlichen hierfür, sitzen in der Regierung / Merkel!
n	745 Millionen Menschen leben in #Europa. Ca. 4 Millionen #Flüchtlinge bereiten da Kopfzerbrechen? #Rassisten sprechen von #Islamisierung?!
n	Tja die #SPD will unsere Steuergelder für Flüchtlinge verpassen. #refugees #refugeesNOTwelcome #refugeesgohome #abmerkeln
p	Aber für die Kölner Polizei haben gestiegene Anzeigen nur einen Grund: Frauen seien anzeigefreudiger als noch 2015. #rapefugees
p	Offenes, freies WLAN im #Sophienhof #Kiel. Mit ein Grund für die Vorfälle von gestern Nachmittag! Zurück nach Kabul mit den #rapefugees!
n	#UnterdenLinden #Petry fordert bessere Regelung Gesetze für #Asylanten und #Migranten. Richtig, warum wird es nicht getan?
p	Regeln und Gesetze der Einheimischen sind ein Verstoß gegen die Menschenwürde. #Hungerstreik #Rapefugees
n	#Blutrache, #Zwangsbekehrung, #Scharia, #Kinderbräute, #Vielehe, #Genitalverstümmelung - kann nicht erkennen, was davon zu uns gehören soll.
n	Worin liegt der Sinn für die Bierindustrie, die #Islamisierung zu beschleunigen indem sie #Deutsche Biertrinker mit #Glyphosat dezimieren?
hs	Claudia #Roth: Wer Sex-Attacken von Asylanten anprangert, ist ein „geistiger Bruder“ der Täter! Fuck you from Switzerland! #asylanten #Grüne
n	Im Februar 2016 kamen nach neusten Angaben in der #ARD Tagesschau trotz Grenzkontrollen auf Balkanroute 39000 #Asylanten nach #Deutschland
p	Die Unterbringung im Gefängnis nur weil man Verbrechen begangen hat ist ein Verstoß gegen die Menschenwürde.#Hungerstreik #Rapefugees
hs	#Merkel Wie ist diese Schlampe eigentlich auf die Idee gekommen das Land so tiefgreifend zu verändern? #Merkelmussweg #refugeesnotwelcome
n	Der #Weltfrauentag ist eine Farce angesichts der durch die #Merkeldiktatur vorangetriebenen #Islamisierung #Europas!
n	Gratis Häuser,Wohnungen,Handys u. Öffitickets #Mindestsicherung, Straffreiheit, Vorreihung in Ambulanzen, Schlaraffenland Ö #ZIB2 #Asylanten
n	#BeateUhse Konzern vermarktet #Scharia konforme Sexprodukte - bitte boykottiert diese Firma.
n	laut #orban wird #merkel Europa mit neuen 500.000 #asylanten fluten zusätzlich zu den millionen, die sowieso kommen. Ende Gelände D
n	Nach den Wahlen werden wir #Griechenland riesige #Asylanten-Kontingente abnehmen. Wetten?#AnneWill
n	In diesem Moment wird die Ernst-Grube-Halle endlich geräumt #leipzig #npd #jn #Legida #RefugeesNotWelcome
n	#illner. erst hieß es, es kämen nur top Arbeitskräfte. jetzt lese ich NUR von wichsenden, vergewaltigenden, betrügenden #asylanten. #merkel
n	"Die #Merkel ist sehr """"Ich"""" bezogen. Sie soll sich um ihr Volk kümmern. #AnneWill #refugees #refugeesNOTwelcome"
n	Slovenien macht die Grenze dicht! Noch eine gute Nachricht! #merkelmussweg #abmerkeln #refugeesnotwelcome
n	Luxushotels werden in #Asylanten Unterkünfte  umfunktioniert , #Deutsche müssen in primitiven heruntergekommenen  Slums leben.#annewill #ARD
p	Niemand hat mich gefragt, ob ich das schaffen will. #Asylwahn #Rapefugees  #Volksentscheid zu #Asylrecht, #Grenzen dicht, #Merkel muss weg!
n	Ausnahmen beim #Mindestlohn sind auch überhaupt nicht mit der #Scharia vereinbar wenn #Moslems betroffen sind. #SPD #CDU #Deutschland
n	Pöbelnde #Asylanten zeigen Kopf-ab-Gesten und Stinkefinger in #Clausnitz. Laut IM #Ulbig keine Ermittlungen gg. Asylanten, nur gg. Deutsche.
n	Geld aus der Portokasse von #Merkel, oder doch Steuergeld? 500.000.000,00 Euro für UN Flüchtlingshilfe #Asylanten
n	Es nicht die Angst vor #asylanten, sondern die Überfremdung Deutschlands. Und ihr Politiker wisst dieses auch ganz genau!! Es reicht Stopp!!
n	Spahn von #cdu will Wegfall von Mindestlohn für #asylanten. klare schlechterstellunf von Einheimischen! Abwählen!
p	Wenn sich der Hass in #Deutschland mal seinen Weg gebahnt hat,wen wird er eigentlich treffen ? #Rapefugees #Politiker #Ossis #Journalisten ?
n	d-radio: 2,8 millionen menschen #fluechtlinge #migranten #asylanten in der #tuerkei , verhandlungen mit der #EU
n	"Was nützt mir der Erde Geld? Kein kranker Mensch genießt die Welt!"""" - Goethe #Deutschland #HartzIV #merkel #fluechtlinge #asylanten"
p	Vor einem Jahr mussten Eltern, wenn Töchter ins Schwimmbad gingen, nur überlegen, ob sie schon schwimmen können. #Rapefugees
n	#hartaberfair Andere #EU Länder sind Land und Bürger wichtiger als #Asylanten. Moralisch, ethisch und finanziell verständlich
p	#besorgteGutmenschen regen sich auf :  #Khaled - von #Asylanten getötet. #LaGeSo-Toter - #Moabithilft Ente #Handgranate - warfen #Migranten
n	das was im SWR Radio momentan an Werbung pro #Asylanten gemacht wird, ist so penetrant wie Phase der Weihnachtssongs & Fastnachts-Seeligkeit
p	Idee: #Hartzer VS #Asylanten im Einzelkampf . Wer schneller nen Arbeits/Ausbildungsplatz findet und Deutsch lernt/kann darf bleiben.
n	#schweden in bürgerkriegsartigen Zuständen! eine lasche konservative und eine irre sozialistische Regierung fluten das Land mit #asylanten
p	Utter zbale in this hashtag #rapefugees
n	Gestern kamen die #Asylanten. Heute Nacht wurde versucht einzubrechen. #Zufall?
p	Erschreckend, daß es #Frauen sind, die 30 Jahre #Emanzipation zugunsten islamistischer #Vergewaltiger in die Tonne treten! #rapefugees #AfD
n	#Deutschland übt #Karneval nach den Regeln der #Scharia, weil da eh bald nur noch #Moslems feiern werden. Deutsche #Frauen aus Angst Zuhause
p	Wenn ich mir den Mond gerade so anschaue: Die #Islamisierung des Abendlandes ist doch schon längst durch!
n	#fakt auf #ard: #asylanten fahren mit Taxi herum auf Steuerzahlerkosten. mehrere 100€. #merkel macht es möglich! unglaublich!
n	"#Asylanten Man kann NICHT einf 2 VERSCHIEDENE Menschen bzw Völker/Kulturen""""zusammenleg"""" + sagen nun seit ma glückl miteinander+versteht euch"
n	#idomeni #Asylanten #Fluechtlinge  Schöne Vorstellung für die Kameras. Blanke Gewalt. Merkel drückt daheim Krokodilstränen ins Kissen. ??
n	Keine Schnittmenge zwischen #NPD und #AfD? Funny … #Euro? #Asylanten? #Islam? #Familie? Es gibt die Schnittmenge, die #AfD gibt sie nicht zu
n	#Arabisch als Schulsprache - #Islamisierung #Deutschlands in vollem Gange
p	Stelle mir gerade vor, wie es wäre, wenn die Saudis in Deutschland einmarschieren würden #Scharia #Krieg in #Syrien
p	Wer hat uns verraten? Die Sozialdemokraten!   Werner Faymann ist derzeit eine Paradebeispiel dafür. #Kontingent #refugeesnotwelcome #traurig
p	lieber #Horst #Seehofer,der #Bayerische #Staat braucht eine #Strategie,die der #Islamisierung #Bayerns einen #Riegel #vorschiebt! #sz #faz
n	"Die haben nix mehr"""" die Leute in den #Asylanten-Heimen. Gut, außer denen mit den geklauten Handys.#Maischberger"
n	Man stelle sich vor es käme zum Frieden und alle #Asylanten mit syrischen Pässen würden dorthin ausgeflogen.
p	#JuliaKloeckner. wir von der #cdu schaffen es, weitere Millionen #asylanten nach D zu locken und die dumme Bevölkerung zu melken. wetten?
p	#maischberger Fratscher:Geld für Migranten als Investition.Bis dahin weiterhin #rapefugees , #Islamisierung und #IS Terroristen. #abmerkeln
n	Egal welche #Partei, man wählt nur #Orange oder #Apfelsine! #AnneWill #EinProzent #grenzendicht #refugees #refugeesnotwelcome #Deutschland
n	Das #Griechenland,das jetzt alle Beschlüsse zu #Asylanten blockieren will is aber nicht das Land,das quartalsweise Milliarden schnorrt,oder?
p	"#Reker beugt sich #Islam und #Scharia, schafft für Frauen Sicherheitszonen (=Fluchtpunkte) """"#Flüchtlinge"""" #Köln #Massenvergewaltigungen"
p	#maischberger Liefers: Wir achten Frauen.... Für viele von den #rapefugees ist das wie ein Paradies hier.Lasche Strafen bei Vergewaltigungen
n	"Perlen aus der Redaktionskonferenz - heute Idee für Buchtitel: """"Das Wunder von #Dresden - #Islamisierung ohne Muslime"""" #NoPegida #NoLegida"
hs	Wir werden noch gemeinsam auf #PEGIDA stehen, Schulter an Schulter, bis zu den Zähnen bewaffnet, im Bürgerkrieg gegen #Rapefugees  #schauhin
n	#merkel rechnet mit 3,6 Mio neuen #asylanten in D bis 2020! zum vergleich: Schätzung 2015 war 500.000, gekommen sind >1,1 Mio. dank #cdu
n	Ich habe bis heute nicht verstanden, was an Dunkelhäutigen in schwarzen Burkas mit dunkler “Kultur“ BUNT sein soll... #Islamisierung
p	Dieser Sommer wird der Sommer der #Rapefugees, schade das die Wahlen nicht im Herbst sind.
n	Die Gedanken sind frei -NICHT mehr in #Europa #Deutschland #Sophienhof #Koelnbhf #Merkelmussweg #Islamisierung #Flüchtlingskrise
n	"Wer für deutsche #Arbeitslose und #Obdachlose die selben finanz. Mittel fordert , wie sie """"#Asylanten"""" zukommen , wird beschimpft. Absurd."
n	"Wieso haben diese Gutmenschen, Vegetarier, Veganer und Tierschützer eigentlich nichts gegen """"Halal""""-Schlachtung?  #asylanten #flüchtlinge"
n	Ein Soldat, der gegen Flüchtlinge ist und u.a. #rapefugees nutzt, kritisiert meine Tweets zu #InTheBox - Patridiot mit Gewehr. Na toll.
p	Manche sagen die #AfD Wähler sollen sich #schämen. Ich finde die Jungs von #koelnhbf haben viel mehr Grund sich zu schämen. #rapefugees
p	#maischberger Laschet:Pegida gibts im Westen nicht.Leute trauen sich nicht mitzulaufen wegen Ächtung,aber #islamisierung ist umso realer dor
p	#BeateUhse fördert #SCHARIA über Internet-Sexshop El Asira aus den #Niederlanden
p	DANKE #Clausnitz FÜR EUREN #WIDERSTAND ! IHR SEID HELDEN! #SOS #rapefugees #koelnhbf #cologne #Islamisierung AUS WESTDEUTSCHLAND: DANKE!!!
n	Wie bei #hartaberfair gesagt brechen 66% der #Asylanten die Ausbildung ab.#afd
n	#Asylanten betteln jetzt auch in den Nachbardörfern. Wie lange wird diese Kriminalität noch versteckt? #Asylbewerber #Fluechtlinge #asylum
p	Nur, weil's 100mal gesagt wurde, ist es nicht falsch: Ab der Türkei sind Syrer u Iraker keine Flüchtlinge mehr! #refugeesnotwelcome
p	Flüchtlingen nicht sofort gratis Villen & Autos auszuhändigen ist ein Verstoß gegen die Menschenwürde. #Hungerstreik #Rapefugees
p	Könnten wir Schmarotzer und Kriminelle loswerden würde die #Asylanten-Schwemme auf beherrschbare Zahlen runtergehen.
p	Ob #Asylanten wohl mitbekommen,  daß #linke, #gutmenschen, #antifa, die Deutsche  Nation, zerstören wollen? ?
n	Angst vor #Islamisierung? Die deutsche + europäische Geschichte, Tradition, Bräuche, Sprache leben, lehren und vermitteln! #hartaberfair
n	#oecd schätzt Wachstum von D in den nächsten Jahren viel schwächer ein als erwartet. wo ist der Boom durch #asylanten außer bei schulden?
n	Mecklenburg-Vorpommern  21.01.2016  SPD 28 % AfD 5 %,  16.02.2016 SPD 22 % AfD 16 %  #Bereicherung #Flüchtlinge #SPD #Islamisierung
n	In Deutschlandradio Kultur erfahren wir gerade, dass der Islam gg dem Christentum die frauenfreundlichere Relion ist. #Islamisierung #PEGIDA
p	Ca. 70.000 Syrer fliehen vor Kämpfen. Warum KÄMPFT ihr nicht endlich für Euer Land? #refugeesNOTwelcome #fluechtlinge
n	Jetzt warte ich auf den #Brennpunkt der #ARD +ein #ZDFspezial zum Thema #Handgranate  mit #Maas  + #Kretschmann #Asylanten
p	Integrierte werden abgeschoben?Illegale TÄTER dürfen bleiben?? Wieso läuft hier so viel falsch?? #refugeescrisis #islam #rapefugees
p	Liebe Gutmenschen,eure Einzelfall Asylanten werden immer mehr.#kiel #sophienhof  Da sieht man was schlummert in den armen #Asylanten.#afd
p	Frankreich sagt sie werden nur 30T #asylanten aufnehmen..und wir haben seit Jahresbeginn schon 100T aufgenommen. #Merkel verpiss dich!!
n	Warum spendet #hoaxmap die #Werbeeinnahmen nicht den #Opferfamilien die durch #Vergewaltigung von #Flüchtlinge und #Asylanten passiert sind
p	Die #Islamisierung des #Abendlandes ist die schlimmste Krise der Gegenwart, die zu lösen ist, durch Zürückdrängung des #Islam in die Wüste.
n	Wenn Ihr #Deutschland so scheiße findet warum wollt Ihr dann möglichst vielen #Asylanten zumuten hier zu leben?
p	Geflüchtete aus den Ländern mit der totalitären Ideologie des #islam ,um hier #islamisierung der Gesellschaft anzuheizen #taqqiya #abmerkeln
p	Deutschland will den Europäern eine #Islamisierung und #Zwangsmigration  aufzwingen.Das geht nicht!#AFD #hartaberfair
p	Ich brauche einen Blog, glaube ich, 140 Zeichen sind zu wenig. Get rid of #Islam #Muslims #rapefugees
n	Deutschland hat seine Staatlichkeit aufgegeben! Das GG ist aus den Fugen gehoben! Es herrscht der Irrsinn #islamisierung #CDU #hartaberfair
n	Ifo-Chef #Sinn warnt Jeder Flüchtling kostet #Deutschland 450.000 Euro!!!   #Asylanten
n	Warum wurde der #Mob in #Clausnitz nicht von der #Polizei aufgelöst um die Situation zu beruhigen? #Flüchtlinge #Flüchtlingskrise #Asylanten
n	Ungarn will Volksabstimmung durchführen, so macht man das! #refugeesnotwelcome
p	Seit beginn der #Asylflut sprunghafter Anstieg von #Vergewaltigungen um fast 500% (!!!). #abmerkeln! Wehrt euch! #grenzendicht #rapefugees
n	NRW: Duisburg-Marxloh ist erst der Anfang...der Rest ist in Arbeit #abmerkeln #islamisierung #Migranten
p	Sind in #Clausnitz 1000 Anzeigen wg. körperlicher Angriffe+#Diebstahl eingegangen? #kölnhbf #Polizei #rapefugees #Handgranate #Asyl #Merkel
p	#Kiel Wer jetzt immer noch die Blockparteien wählt, macht sich mitschuldig an kommenden Verbrechen!!!!!! #abmerkeln #rapefugees #AFD wählen!
p	Deutsche Frauen an #rapefugees opfern. #wasistlinks
n	#illner. deutsche Wirtschaft hat sich vor Freude auf #asylanten überschlagen. jetzt ziehen alle den schwanz ein. Warum nur?
n	was tun gegen #clausnitz? keine neuen #asylanten, Kampf gegen asylmafia, #merkel vor Gericht stellen,  #cdu abwählen überall!
n	#Asyl-Befürworter, die nie einen #Asylanten bei sich zuhause aufgenommen habenkann ich nicht ernst nehmen.
n	man kann nicht mio arbeitslose muslimische #asylanten gegen die deutsche Mehrheit ins Land lassen & die Mehrheit als Nazis beschimpfen,#cdu!
n	Gegen #Multikulti hab ich eigentlich nichts, gegen #Islamisierung schon.
p	Die heutige Tagesscheisse heist #Hoaxmap. Die tätsächlichen Vergewaltigungen durch #Flüchtlinge und #Asylanten werden nicht erwähnt.
n	Ja die Realität ist wirklich unbequem, man sollte sie ignorieren.  #Islam #Scharia #Salafismus #Multikulti
p	Wenn nicht aus Überzeugung,dann aus Notwehr: AFD wählen bei Landtagswahlen, D sonst kaputt #abmaasen #regsprecher #krimigranten #rapefugees
p	"Wenn sie gesagt hätte: """"#Domian´, ich hasse dich"""" hätten sie alle abgefeiert... :-(  #GEZ #wdr #1live #koelnhbf #rapefugees"
n	"Bezeichnend:Musl.Verbände schließen sich der """"Allianz für Weltoffenheit"""" an.Hinterher,aber nur weil es ihnen hilft #islamisierung #abmerkeln"
n	Gerüchten zufolge finden sich in den Netzen der Fischer im #Mittelmeer  inzwischen mehr Pässe als Fische!?? #Flüchtlinge #Asylanten #Merkel
n	Ich würde gern mal eine #Sondersendung zur täglichen #Inländerfeindlichkeit sehen. #refugeesnotwelcome #brdregime #volksverräter #unrecht
n	Was die allermeisten immer noch nicht begriffen haben: Der #Islam hat seine eigenen #Menschenrechte, #scharia-basiert. Ihr Deppen!
n	fast 100.000 neue #asylanten kamen im Januar 2016. und #bamf geht von 500.000 fürs gesamte Jahr aus? können die nicht mal rechnen?
n	Meinen manche Kandidaten eigentlich, mit Hashtags wie #Rapefugees oder #Krimigranten würden sie sich glaubwürdiger und/oder seriöser machen?
n	In jeder Stadt sind jetzt tausende neue Muslime!Millionen Muslime brauchen Gebetsräume!Bald werden tausende Moscheen gebaut! #Islamisierung!
n	#krimmigranten zu behandeln, wie hinlänglich berichtet? Wenn sich diese Militärs nur annähernd so abartig verhalten haben, und davon muß 2/4
p	Flüchtlinge zwangsweise in Privathaushalten einzuquartieren ist kein Thema vor den Landtagswahlen. #Merkel #rapefugees #Vorhersagetweet
n	Heimleiter von  #asylanten heim in Clausnitz entlassen, weil AFD Mitglied..soviel zu Demokratie Diskriminierung von höchster Stelle!!
n	Warum ist #deutschland nicht solidarisch mit dem Rest von Europa? also, keine weiteren langzeitarbeitslosen oder vergewaltigenden #asylanten
n	#asylanten kommen aus erbärmlichsten Zuständen & wir bringen sie in 4*hotels unter mit taschengeld all incl?#merkel denkt die gehen wieder?
n	#Schwulenhilfe #Berlin richtet für Schwule #Asylanten Schwulen-Unterkünfte ein,gekoppelt mit einem Schw.Puff könnten Asylanten dort arbeiten
n	Alles recht ominös mit dem Zugunglück. Wüsste gerne, ob die Lokführer Hassan, Ali oder Mohammed hießen #Fluechtlingskrise #Islamisierung
p	"Dürfen in Stuttgart """"#Flüchtlinge"""" und """"#Rapefugees"""" immer noch kostenlos ins Stadion? ;-)) #VfBBVB"
n	"Frau """"m türkischen Wurzeln"""" erzählt, sie ist beunruhigt weil direkt neben der Schule ihrer Tochter #Asylanten-Heim aufmacht. Fiese Rassistin"
p	Flüchtlinsheime in denen nicht jeden Tag gratis Rinderfilet serviert wird sind ein Verstoß gegen die Menschenwürde.#Hungerstreik #Rapefugees
n	Mir hat vorhin jemand erzählt, dass die #Handgranate evtl. von den #Asylanten selber kam ? Weiß da jemand was ?
n	Ich bin für die #Schweinefleischpflicht !!! Hilft gegen die #Islamisierung !!!
n	#Europa ist groß, weil es nie islamisch war. Und das muss so bleiben. Nein zur #Islamisierung Europas!
n	Sie traut sich nicht zu sagen was wirklich läuft, da muss man nur mal Samstag früh im Pott zur Arbeit fahren #Asylanten #Domian
n	#merkel will 100.000e #asylanten nach spanien abschieben wo überall gespart wird & > 20% arbeitslos sind.das ist ihre Solidarität!heuchlerin
n	In Zeiten, in der #Rotherham möglich ist, muss jeder einsehen, dass die #Islamisierung bereits stattgefunden hat!
p	#Griechenland #Grenze #Mazedonien man muß diesen #radikalen #Migranten klar machen:sie sind keine Flüchtlinge mehr #Krimigranten #rapefugees
n	#DeutscheBank sagt #Asylanten helfen der Wirtschaft.Die Kompetenz von denen kann man übrigens an ihren Geschäftszahlen ablesen.
n	Warum lädt man eigentlich nicht mal einen normalen Bürger zu #Maischberger ein, wenn es um das Thema #Asylanten geht?
n	Nicht alle #Sachsen wollen keine #Asylanten. Bitte nicht pauschalisieren. Schuld ist die CDU (regiert in Land+Bund)
n	#hartaberfair Schwahn:.Das Problem ist aber nicht nur das fehlende Geld,sondern die Angst vor einer #islamisierung in allen Ländern der EU.
n	liebe #Gemeinden in #Bayern, wir legen #Asylanten #Obergrenzen fest und setzen sie #notfalls vor #Gericht durch ! #sz #faz #zeit #nzz
n	Worauf warten #Flüchtlinge und #Asylanten eigendlich? #Griechenland = #Europa = also kein Kriegsland und damit Asyl in Griechenland.
n	nach den Landtagswahlen wird am 14.3. sicher die #benzinabgabe eingeführt! Deutsche zahlen Rekordsteuern für #asylanten in hängematte!
n	Kostenloses, aber zu langsames Internet in Flüchtlinsheimen ist ein Verstoß gegen die Menschenwürde. #Hungerstreik #Rapefugees
n	#Gutmenschen,die den #Islam unterstützen,werden sich noch wundern,wenn bald immer aggressiver die Barbarei der #Scharia in D gefordert wird.
n	#ORF #ZIB20 #Vergewaltigung durch irak.#Asylanten an Kind!#Hallenbad #Wien Keine Informationen wg Opferschutz! Wer glaubt das denn?
n	#Griechenland will Milliarden für #asylanten um griechische Rentner zu bezahlen! die griechische marine soll Migranten in die türkei bringen
n	An der Schule meiner Nichte wurde Eltern jetzt gesagt, Mädchen sollen nicht mehr in Miniröcken zum Unterricht kommen. #Islamisierung
n	#Merkel will, dass die von ihr hergeholten Kulturbereicherer CDU wählen. Aber was, wenn die ihre eigene #Scharia-Partei gründen? #abmerkeln
n	#amnestyinternational heult 1h wie schrecklich D ist, um dann alle #asylanten der Welt zu uns zu bringen. ist das kein  linksfaschismus?
n	Nicht in Schwimmbäder scheissen zu dürfen ist ein Verstoß gegen die Menschenwürde. #Hungerstreik #Rapefugees
n	Im #Freilichtmuseum #Hessenpark mit #Asylanten NEIN DANKE #Armlaenge
n	"Jetzt zerreißen sie sich wieder das Maul über """"#rapefugees """". Aber wo war der Aufschrei bei """"Make Rape Legal""""? Gab's nicht..."
p	Landtagswahlen: AFD muss 2-stellig abschließen, sonst M Kaiserin-wählt AFD aus Notwehr  #nichtwähler #Nichtwählen #krimigranten #rapefugees
p	Karneval hat #Merkel  jetzt anscheinend auch versaut. Frauen fühlen sich unsicher. #Weiberfastnacht  #rapefugees
n	#Cameron #bringt #viel mit nach #Großbritannien und #Merkel? Nichts #außer #Asylanten #Chaos #Regierung
n	#spd fordert auch Unterstützung für arme Deutsche und nicht nur für #asylanten. Abgelehnt! das ist die #cdu von heute.
n	"#Köln   Wieder SEXUELLE ÜBERGRIFFE  in Köln.:  #Asylanten attakieren in Schwimmbad jugendliche Mädchen und bekommen daraufhin """"Hausverbot"""""
n	Die #Steuererhöhungen wegen der #Fachkräfte kommen erst nach der #Bundestagswahl. #WirSchaffenDas #Merkel #Integration #Rapefugees #SPD #CDU
n	Religion ist doof, aber wir haben Doofheitsfreiheit, wo ist das Problem mit der #Islamisierung #KatholischeMissionare #gnargh
n	Gegner von #Asylanten mit #Nazis gleichzusetzen, ist einfach falsch! Das verharmlost doch nur das NS-Regime!#clausnitz #Bautzen #Deutschland
n	Räumung in Calais! Super! #refugeesnotwelcome
n	#Leyen erklärt:#Deutschland wird #Fluechtlinge / #Asylanten zu Soldaten ausbilden um die Situation in #Syrien nach dem #Krieg zu sichern
p	Nichtwähler. Macht Briefwahl, ist einfach und schnell .. #krimigranten #rapefugees #stegner #Augstein #simonepeter #Gabriel #Roth #künast
n	"Bei allem,was """"Rechte"""" ausfressen ist die #AfD schuldSind #Groko u #Grüne dann net auch für die Verbrechen ihrer #Asylanten verantwortlich?"
n	Dank #merkel: mehr #asylanten, mehr Türken, mehr Ausgaben, Türkei kommt in EU. wir verlieren nur noch mit merkel. #cdu abwahl!
n	"Was wurde eigentlich aus der Geschichte mit den """"syrischen Ärzten""""? Die #Rapefugees sind ja wohl wahrlich keine Gynäkologen."
p	Der deutsche wurde 70 Jahre lang dazu erzogen den Mund zu halten! Schluss damit!#refugeesnotwelcome #Wir sind das Volk #AfD #merkelmussweg
p	Pseudo #Sturmwarnung in #NRW zum Schutz deutscher Frauen vor  #rapefugees um #Jäger  den Arsch zu retten?  #Düsseldorf  #Karneval
n	#morgenmagazin läßt #asylanten auf berlinale israelfeindlichen Film anschauen und die finden das toll! einer davon lernt schreiben mit 30.
n	Betreuung für alle - Der Rechtsanspruch auf einen #Kitaplatz gilt auch für #Flüchtlingskinder #Fluechtlingskrise #asylanten #fluechtlinge
n	#hayali will #asylanten nach spanien abschieben, wo über 20% arbeitslose sind und eine riesige verschuldung! mein tipp: Grenzen sichern!
n	Warum spenden #Grüne, #cdu und #spd nicht ihr Einkommen für #asylanten? weil sich das Geld anderer Menschen leichter ausgeben läßt!
p	#Schönborn ist eine Schande! Er huldigt Invasoren welche uns Christen erbarmungslos ermorden wollen! #rapefugees #Christen #Kirche #fpoe
n	Wir brauchen einen Aufstand der Anständigen in Deutschland. #Abmerkeln #Abschieben #Grenzkontrollen #Islamisierung stoppen
n	Ich ziehe #Revolution dem #Krieg vor, zumindest nehmen an der Revolution nur die teil, die wollen. (Marcel Proust) #wehrdich #ia #stehauf
n	#srfarena #SVP Logik: #Minarette in der #Schweiz sind gefährlich, #Waffen für den #Scharia-Staat #Saudi-Arabien unbedenklich.
p	Diese Regierung schützt uns vor angeblichen Sturm beim Rosenmontagszug, aber nicht vor #gang-rape #rapefugees #abmerkeln #Fluechtlingskrise
n	Die anfängl.Motivation der #Asylanten sich zu #Integrieren und Beruf zu lernen wird bald nachlassen!Wenn sie die hohen Anforderungen kennen.
p	Warum sollten weibliche #Eindringlinge eigentlich in Ordnung sein? Irgendjemand muss die Brut doch aufgezogen haben. #rapefugees
p	Verhaftungen von Vergewaltigern als Erfolg zu verkaufen ist das Aufmerksamkeitswinseln einer armseligen Behörde. #Polizei #Köln #Rapefugees
n	Mit jedem Tag,an dem Anhänger des #Islam nach Deutschland strömen,ist eine weitere Etappe der #Islamisierung erfolgt!#IslamIsTheProblem #afd
n	herrlich #deutsche #medien berichten, der #hamburger #karnevalumzug wurde nicht wegem sturm abgesagt, sondern wegen den #Rapefugees
n	1000 Straftaten gegen #Asylanten 2015 in Deutschland.1000 Straftaten von #Asylanten in einer Nacht in #Koeln.
p	Das deutsche #Nazi Pack muss sich irgendwann entscheiden. #KlappeHalten oder mal ernsthaften #Widerstand leisten.#WirSchaffenDas #rapefugees
n	Ich dachte, dass #Asylbewerber in Deutschland alle #Kriegsflüchtlinge sind. Jeden Tag stehen #Algerier, Marokkaner und Afghanen.. #Asylanten
n	#sterntv zeigt die Realität der Rente. Manche #Asylanten lehnen Arbeit ab, weil sie keine 4000€ netto verdienen wie versprochen.
n	Stimmt, führen wir doch die #Scharia ein. Gäbe bald keine #Wiederholungstäter mehr bei Diebstahl. #srfarena #DSI #handab
n	Unsere Regierung hat den Rotkäppchenkomplex,fütter lieber den Wolf(kriminelle #Asylanten),als die Großmutter(das eigene #Volk) #Merkel #CDU
n	Friedlicher #Karneval und nach wie vor keine #Islamisierung. Läuft bei uns mit der #Integration. Da erblassen andere Länder vor Neid.
n	#zib2 #Wolf heute in Opernballmilde: keine einzige Zeile über den Supervorteil von #Asylanten ...
hs	"#schweinefleisch für alle #Flüchtlinge und #Asylanten. Wer saufen kann und Kinder vergewaltigen, braucht keine extra """"Wurst"""" ..Fuck Refugges"
n	#Asylpaket2 endlich beschlossene Sache, wir werden sehen ob damit die #Asylflut eingedämmt wird #Flüchtlinge #Flüchtlingspolitik #Asylanten
n	#Islamisierung Wollen wir eigentlich die unübersehbar stattfindende  Islamisierung Deutschlands. Oder hat Pegida nicht doch recht?
n	#Bereicherung durch #Asylanten? #Sicherheitslage in #Deutschland katastrophal schlecht... #Asylchaos #abmerkeln
n	#annewill #Islamisierung ist gar nicht so schlimm. Habe gerade #Unterwerfung gelesen ;-)
n	als asylant verkleidet an die fasnacht frauen begrabschen gehen. gesellschaftssatire pur! #fasnacht2016 #satire #asylanten
n	Wie jetzt,gemäßigte Opposition in #Syrien besteht auch aus #Fudamentalisten, die einen #Gottesstaat und die #Scharia wollen? #PestCholera
hs	Kinderfickende, schächtende #rapefugees! Wer Kinder-, Frauen-, oder Tierrechte verteidigt, darf nicht #gruene #spd oder #cdu wählen! #ltwbw
n	In Baden-Württemberg gibt's jetzt Ne extra #Asylanten -Polizei! Bisher zu viele Anzeigen/Straftaten zu wenig Verhaftungen!
p	#Asylantenheime #anzünden=#verbrecherisch -aber einziges Augenmerk auf #deutsche #Straftäter +nicht auch #Krimigranten #rapefugees =#nogo
n	#merkel läßt deutschen steuerzahler bluten für Syrien, algerien, marokko, tunesien, etc. und bietet Mio #asylanten all incl. Grandios dumm
n	Wann stoppen #Faymann #SPÖ und #Mikl-Leitner #ÖVP endlich das Durchwinken und Weiterschicken von #Asylanten und #Wirtschaftsflüchtlingen?
n	#scharia in # Deutschland?  Werden die Kölner Kulturtänzer demnächst handlos? Dann berufsunfähige Frührentner? Fragen über Fragen
n	Bei Aldi verkaufen sie Lachs, der morgen abläuft.Im #Asylanten-Heim gäbe es sowas nicht.
p	"Kinder im Schwimmbad"""" #Edathy gefällt das!  #Rapefugees in #Kölnbad auch."
p	Die linksgrün-versiffte Mischpoke in Berlin wird sich noch wundern, wenn die #Rapefugees im Sommer so richtig abgehen. Deustche Mädels,..1/2
n	Wird #sophienhof wieder zensiert aus den twitter trends? Bloß wieder nicht ansprechen,was für ein scheiß Problem auf uns zukommt #rapefugees
p	#rapefugees wieder in Köln aktiv. Übergriffe im Schwimmbad in Zündorf. Der Sommer kann kommen #koelnhbf #nolegida
n	Flüchten, wo andere Urlaub machen. #Idomeni #refugeesnotwelcome
n	Wie kann ich, wenn ALLE gegen mich sind, von denen verlangen, dass sie tun, was ICH will? #Merkel2016 * Europäische Lösung, #Asylanten #Asyl
n	Schade, dass heute nicht Wahl ist, sonst würde ich nämluch direkt die AfD wählen. #RefugeesNotWelcome #Widerstand
p	#rapefugees laufen sich langsam warm. Kölnerin wird von Flüchtling vergewaltigt. #Obergrenze #armlänge #alaaf #Karneval
n	#annewill  Warum gibt es in Europa nicht einheitliche Standarts so das alle #Asylanten überall selbe Leistung bekommen? Zu einfach???
p	Stellt Lügenpresse eigentl schon Überlegungen in München an zur Nacktbadesaison an der Isar und Flüchtlinge Primaten? HAHAHAHA #rapefugees
p	Frauen die sich nicht freiwillig von Flüchtlingen ficken lassen sind sind ein Verstoß gegen die Menschenwürde. #Hungerstreik #Rapefugees
n	90% aller #Asylanten wollen nur deshalb nach D, weil sie nirgends auf der Welt mehr Geld bekommen! Nebenbei islamisieren. #Lanz
n	"Ihr sollt nicht alle NAZIS an den Taten einiger weniger Nazis beurteilen""""...sagte niemand. #Appeseament #Islamisierung #taqqiya"
n	Viele Menschen in #Europa fürchten eine #Islamisierung, berichtet #hartaberfair. #Migranten
n	#Deutschland wird #Asylanten zu #Sicherheitsbeamten ausbilden um eine #Perspektive für #Syrien zu schaffen #MSC2016 #Fluechtlinge
n	Beim #lasttweet aufgefallen, dass zuerst #refugeesnotwelcome nicht #refugeeswelcome vorgeschlagen wird. Könn wir das ändern? #followerpower
n	Wer die #Islamisierung bestreitet, dem sei ein Trip in arabisch dominierte Viertel in London empfohlen. #hartaberfair
n	Wer will überhaupt immer noch kriminelle #Asylanten in Europa aufnehmen? #Passverfälschung #Schleuser
n	Wo ist der #aufschrei #ausgruenden #Belästigung von #Flüchtlingsfrauen in #Flüchtlingsheimen?  Könnt wohl nur #koelnhbf u #Rapefugees?  :'-(
n	städte- und Gemeindebund erwartet 2 Mio #asylanten in 2016. es wird Zeit für grenzsoldaten. massenabschiebungen. #merkel amtsenthebung!
n	Die Frage ist, warum sehen die Menschen in D die Millionen muslimischen #Migranten NICHT als Gefahr im Sinne einer #Islamisierung an.
n	#Lanz ich staune auch, mit welcher Leidenschaft  die #Islamisierung in #Deutschland verteidigt wird!!
n	Langsam nähern sich auch die #CDU/#SPD-nahen Wirtschaftsinstitute seriösen Prognosen an, wonach die #asylanten 50 Mrd. € pro Jahr kosten.
n	#GroKO-Regierung hat die bürgerliche Mitte schon lange verlassen! #Islamisierung #Umerziehung #Migrantenstadel #Merkelmussweg
n	die laufende #islamisierung deutschlands und europas macht deutlich, wie viel wir an deutschland und europa wirklich hatten.
p	wer, glaubst du, finanziert das durchfüttern, Zelte, Bekleidung, der armen #Rapefugees an den Grenzen? Glaubst du die zahlen für irgend was?
n	Wenn Leute, die Deutschland hassen immer mehr #Flüchtlinge dorthin holen wollen - sind das dann nicht #Asylanten-Hasser?
n	Alle #Fluechtlinge nach #GG illegal!Nach Art. 16a nur #Asylanten #EU + sichere Drittstaaten. #NaherOsten, #Afrika = nicht
n	lieber #Horst #Seehofer, gibt es #Asylanten, die besser im #Tierasyl aufgehoben wären ? #sz #faz #zeit #nzz
hs	Worauf warten diese scheiss #Flüchtlinge und #Asylanten eigendlich? #Griechenland = #Europa = kein Kriegsland. STOP REFUGGES,
n	#Merkel und co erwarten 500000 #Flüchtlinge in 2016! 2015 am Anfang waren es 250000! Die #V4 werden IHR Druck machen.  #Islamisierung NEIN
p	Besser als Schreckschusswaffe gegen #rapefugees: Wasserspritzpistole gefüllt mit Schweineblut ^^
n	Extraunterkünfte für Frauen u Christen,um sie vor den #Asylanten zu schützen.Wärs net besser die Anderen zu separieren?Im Flieger nachhause
n	#Asylanten: #EU #Gipfel: Ist das eine #Merkel Show, die nun Millarden an d.#Türkei anweisen will u. die Visumpflicht auch gleich abschafft?!
n	#annewill wir bekommen keine Weimarer Republik, sondern #Islamisierung, siehe #Schweden, dt. Kultur weg + Geldverschwendung!
n	"Deutschland den Deutschen.  """"#Flüchtlinge"""" #Illegale #Überfremdung #Islamisierung #Antigermanismus #Widerstand #abmerkeln #REMIGRATION!"
n	#klöckner biegt sich die Wahrheit zurecht! dank #merkel haben wir Millionen #asylanten in D. auch Marokkaner. erst gar nicht ins Land lassen
n	Terrorrazzien in Asylheimen. Gibt es nun doch einen Zusammenhang zwischen illegaler Einwanderung und islamischem Terror? #Islamisierung
n	lieber #Horst #Seehofer,das #Geld aus #Saudiarabia versucht sich momentan an der #Islamisierung #Europas ! #sz #faz #zeit #nzz
n	wir wissen daß über 50% der #asylanten ewige langzeitarbeitslose sind. warum sitzen diese nicht bei #illner & #will? das wäre repräsentativ!
n	Respekt! Der Türke zieht in Deutschland eine Moschee nach der nächsten hoch. So gewinnt man! #Islamisierung
n	"Maas: """"Die kommenden Wochen werden über die Zukunft Europas entscheiden."""" - genau: Islamisierung oder Grenze dicht! #refugeesnotwelcome"
n	Schleich. Infiltration, massiver Migrations #Jihad und latent linke Konditionierung durch #Lügenpresse aber keine Sorge wegen #Islamisierung
n	#Silvesternacht in #NRW. Erste Verurteilung! 6 Monate auf Bewährung für bereits vorbestraften #Asylanten. Wenn das kein gutes Zeichen ist.
n	#Merkel ist jetzt in der #Türkei. Schnell die Grenzen schließen und die Frau nicht mehr reinlassen! #abmerkeln #refugeesNOTwelcome
hs	Das nächste mal vertecke ich #rapefugees in ihrer Torte sie dumme Nazi sau #tortalerkrieg
p	Nordafrikanische Single Männer not Welcome #rapefugees
p	Sich schützend vor deutsche Frauen stellen bei Belästigung durch #rapefugees. #wasistrechts
n	Wer zahlt hier meinen Kindern, den kompletten Unterhalt beim Studium, so wie den #Asylanten? ICH!! #maischberger
n	Das Problem sind nich die #Asylanten. Es sind die uninformierten und übergangenen Bürger. Und die #Politik ignoriert's noch immer. #Bautzen
p	Im #ARD läuft schon wieder #Rapefugees Propaganda.... Zum Kotzen
n	Seht mein Profilbild an! Glaubt Ihr, #rapefugees werden durch Belehrungen oder Benimmkurse von Vergewaltigungen abgehalten?
p	N24: Mehr Polizei, weniger Feiernde aber mehr Sexualdelikte als sonst #abmerkeln #rapefugees #merkelmussweg #refugees
n	#NoHate Für Kindergärten und Schulen gibt es keine Gelder, aber #Asylanten bekommen alles in den Arsch geschoben. Gehts noch?
n	Die Regierung alimentiert Menschen aus aller Welt & fördert #Islamisierung unsrer Heimat...mit unsren Steuern! #Volksverräter abwählen! #AfD
p	"Make Rape Legal"""" findet Merkel auch und deshalb flutet sie unser Land mit #Rapefugees.     #abmerkeln #merkelmussweg #merkeldiktatur"
n	#Hausverbot für 4 vom übergriffigen Mob im #Sophienhof in #Kiel. Na super, dann sind wir ja jetzt sicher vor denen. Nicht. ?? #rapefugees
p	Eine europäische Lösung wird es NICHT geben. Merkel greift nach einem Strohhalm den es nicht gibt.. #Orban #merkel #cdu #rapefugees #cdu
p	Integration findet also im Kopf statt!? Bislang doch eher im Schwanz! #koelnhbf #fluechtlinge #rapefugees
n	Soll der neue Begriff #Asylsuchende jetzt mehr Mitleid hervorrufen als #Asylanten, #Asylbewerber, #Migranten oder #illegaleEinwanderer?
n	Was machen eigtl. die vielen Vögel mit den Kameras zwischen den Randale-#Asylanten in #Mazedonien ?
n	im Mittelmeer die Flüchtlingsboote an den Haken und wieder zurückschleppen, zerstören und gut ist. Dann kommt da keiner mehr #Asylanten
n	Zäune sind unausweichlich,um #islamisierung mit anschl. #Jihadh wie bereits in Nigeria,Indien,Thailand,Israel,Frankr,Belgien,UK...zu stoppen
n	#Frankreich macht ja schon Grenzkontrollen. Haben die wirtschaftliche Einbußen? Nö. #Grenzenzu #FestungEuropa #refugees #refugeesNOTwelcome
n	Jetzt schwenkt der falsche Fünfziger Gabriel in die Richtung derer,die er damals als Pack bezeichnet hat! #Merkel  #Asylanten #maybritillner
n	Mit #Scharia können #Merkel und #Siggi erst recht durchregieren . #Groko
n	"#tagesschau nennt #Levante-Dschihadisten, die für einen #IslamischenStaat mit #Scharia in #Syrien kämpfen, """"einigermaßen gemäßigte Rebellen"""""
n	#illner: #cdu lebt im falschen Land scheint mir... 12,5 mio deutsche sind arm (2016). geld für #asylanten gibt's dicke.
n	#pegida ihr habt einen Maulwurf  Handabhacken für Diebstahl #Scharia   Erschießen bei illegalem Grenzübertritt #afd
n	Wie hat Sloterdijk so schön gesagt? Es gibt keine moralische Pflicht zur Selbstzerstörung. #IslamicState #Islamisierung #Fluechtlingskrise
n	#ZDFzoom #Flüchtlinge #asylanten diese Reportage sollte ein MUSS sein für Interessierte! 1000 Dank an Frau #Knobel-Ulrich u ZDF
p	Man wünscht sich eine schlagkräftige Bürgerwehr für #Sophienhof. Politik versagt auf ganzer Linie. #rapefugees #abmerkeln
n	Unterhaltsam die Metamorphose v #Gutmenschen zu #besorgteBürger zu beobachten wenn neben der Schule der Tochter ein #Asylanten-Heim entsteht
p	Rettet die deutsche Frau vor dem Multikuliti Wahn #rapefugees
p	#rapefugees in der Siedlung? #hartzundherzlich
n	syrische #asylanten wollen in hungerstreik gehen, weil Klopapier gelegentlich fehlt? wer unzufrieden ist, sollte gehen! no #refugeeswelcome
n	Es ist weder islamophob noch rassistisch, Kritik am Islam zu üben. #Kinderbraut  #Frauenunterdrückung #Intoleranz #Scharia
n	#Sonderrecht für #radikale, #kriminelle #Islamisten installieren? -nach d #Scharia aburteilen? -#Diebstahl: Hand ab? -schnell Ruhe im Karton
n	Mit Zuckerberg schließt sich der Kreis. #refugeeswelcome #refugeesnotwelcome
n	#NoPegida =  #ISIS Unterstützer  #Scharia Befürworter  #Islam gehört zu DE Sympathisanten  #GG Bruch Gutheißer  #Asylindustrie Profitierer
n	#Asylanten sollen #arbeiten können.Die #Wirtschaft gibt #Knowhow und der #Staat bezahlt. Muss er sowieso....
p	Im übrigen müsste klar sein das die #rapefugees aka IS monkeys die  Absage von #Rosenmontag als  Herausforderung ansehen.  #merkelmussweg !!
n	#asylanten stapeln sich in GR. was macht #merkel & #cdu? ducken sich weg! kein Wort daß wir keine #migranten mehr wollen! Schämen Sie sich!
n	#funfact : Die #AfD wettert gegen #Asylanten , erzeugt aber wahrscheinlich jetzt schon in #Hessen politische Fluechtlinge...
n	#hartaberfair Warum werden #Fluechtlinge wie  #Migranten behandelt? Sind #Asylanten - müssen zurück, kein Bleiberecht!
n	Schüler sollen #refugees Betten machen,  sich auf arabisch bei denen entschuldigen, was kommt noch? #refugeesNOTwelcome #GutmenschGoHome
n	Alleinherrscher #Putin wird mit Sanktionen belegt-Diktator #Erdogan werden alle Erpressungswünsche erfüllt! Klasse #Merkel #Asylanten
hs	#Flüchtlinge und #Asylanten bzw. #Migranten sind #perverse kleine #Kinderficker.
n	#rtl berichtet jetzt über gewalttätige #asylanten #refugees
n	#cdu kapiert es nicht! Alle in europa ausser cdu von #merkel wollen keine #asylanten. sichert die aussengrenze oder EU und merkel sind tot
p	Der blanke politische Schwachsinn:  #Sturmwarnung | #Rosenmontag  #rapefugees | #Kriminalität | #AfD  Kapitulation im vollen Gange #CDU
n	#Schweden findet Missbrauch v.Kindern OK #Kinderehen #Asylanten Bei unbewiesenen Vergewaltigungsvorwurf sind sie nicht so tolerant #Assange
n	Mensch #Gabriel, weil #Europa keine #Muslime haben will. Nur #Merkel bringt uns diesen Fluch. #Illner #Asylanten
p	Das Geld ging für Lunchpakete der #rapefugees drauf. Find dich damit ab u stirb, wenn du arbeitslos bist. Deine Bundes- u Landesreg. #Domian
p	Sollen dt. Städte in die Topliste der gefährlichsten der Welt aufsteigen? Dann wählen Sie weiter die #Altparteien! #Rapefugees & IS danken
n	"Glawischnig #Weltfrauentag: """"Ich bekämpfe kein Kleidungsstück."""" #burka #scharia #islam #isis #diegrünen #menschenrechte #frauenrechte #vdb16"
p	make rape legal soll uns wohl schon athmosphärisch vorbereiten auf Vergewaltigungswelle musl. #rapefugees.In gesamter EU tgl. zu notieren!
n	#klöckner wählen heißt 2 Mio neue #asylanten, türkei Mitglied in EU und Euro, neue #Steuern, Zensur & sharia.Ich will das nicht. #afd wählen
n	#cdu hat die deutschen schon aufgegeben. jetzt geht es darum den #asylanten möglichst schnell das Wahlrecht zu übertragen. genug #refugees
n	würden wir #kriminelle #islamistische #Migranten nach der von ihnen gewünschten #Scharia #bestrafen -wäre schnell Ruhe im Karton
n	Die #Asylanten werden sich in #Deutschland festsetzen,und höchstens zu Besuch zu #Verwandten fahren.Ich fordere eine #RückkehrPflicht. #afd
n	Man isst zu Abend= #eu Gipfel - Hast Du heute schon gnachtmahlt, #Angela ? #europa  #Flüchtlinge #fleuchtlingskrise #Asylanten
n	geplatzte #Träume sind immer noch besser, als ein geplatztes #Kondom. #Asylanten
n	Fünf #Männer und eine devote #Frau! Wie immer bei #Lanz . Mir ist irgendwie übel, muß leider abschalten. #Lanz #Merkel #Scharia #kölnhbf
n	Wieso nehmen nicht #Bergdörfer die #Asylanten und #Flüchtlinge  auf ? so wären die Schulen im #Dorf gesichert. #Bundesasylzentrum #Wallis
p	Wähler und Nichtwähler: Wir müssen uns wehren- wählt AFD,nicht aus Überzeugung, aber ausNotwehr  #rapefugees #madmerkel #annewill #lanz
n	#Hoaxmap, weil #Rapefugees vergewaltigen auch manchmal niemand
n	Allianz für Weltoffenheit das heutige Motto der #Islamisierung skampagne.Tgl.+weltweit wird die Würde des M. im Namen des Islams missachtet!
n	Wer für #Täterschutz,#Islamisierung und Abschaffung #Deutschland(s) ist,wählt weiter #Grüne,#Linke,#SPD,#CDU. Wer das nicht will,wählt #AfD.
p	beachtlich, wieviel gutmenschen von einst mittlerweile die hosen gestrichen vollgeschissen haben vor angst vor #rapefugees #spielfeld
n	Die #afd wird in den nächsten Jahren auf über 25% kommen,warum?Weil eure #Asylanten euch zeigen werden wie freundlich Sie wirklich sind!#afd
n	EU stellt 16 300Mio für #Invasoren bereit! Wer wird das wohl bezahlen? #Refugeesnotwelcome #Fluechtlinge #Pegida #AfD #CDU #Merkelmussweg
n	"#RefugeesWelcome Brüllern ist tägliche #Kriminalität der """"#Flüchtlinge"""" wohl egal oder sie wollen es nicht wahrhaben. #AfD #Islamisierung"
n	Übrigens, so wie ich die Dinge sehe, ist die Einführung der #Scharia in #Deutschland eigentlich nur noch eine Frage der Zeit ...#Flüchtlinge
n	Nein zu #Multikulti, nein zur #Islamisierung, nein zu #Merkel #Vertrauensfrage
p	#Kiel : der #Asylkult und seine Folgen, bald auch in Ihrem #Einkaufszentrum , lieber #SPD - Wähler und sonstiger #Traumtänzer  #rapefugees
n	Ja zur Einwanderung z.B. aus Amerika, Australien, Ostasien. Nein zu #Überfremdung und #Islamisierung.
n	Die Geschichte wird das Merkel-Regime als genauso zerstörerisch für Europa bewerten wie das NS-Regime #abmerkeln #islamisierung
n	Wie viele #Gebetsräume für #Christen wurden von #Islam-#Fanatiker bis jetzt in #Deutschland zerstört? #Trümmerfrau #Asylanten #Bürgerwehr
n	#heute-journal: UN ehrt #merkel für #asylpolitik. 1 Beitrag später: Suche nach kriminellen #asylanten. 107 Männer werden gesucht. Danke #cdu
n	Wir bekommen #Asylanten aufgedrückt, wir bekommen #TTIP vorgesetzt, müssen übelste moderne Propaganda in den Medien ertragen. Wie weit noch?
n	Wer will auch bewaffnete Grenzer? #BorisPalmer #Grüne Die #Afd hat halt recht und er auch! Und die #GrüneJugend kotzt! #refugeesNOTwelcome
n	"Schleichende #islamisierung """"aus Rücksicht""""kein Schweinefl. Was als nächstes? Frauen, Ungläubige verbannen?#Schweinefleischpflicht sinnvoll"
n	Hört auf damit widerliche Kommentare über #Flüchtlinge und #Asylanten zu machen, es reicht!
p	360% mehr sexuelle Übergriffe an #Karneval als im Vorjahr. #rapefugees #refugeesnotwelcome #grenzendicht #abmerkeln
n	Frau #merkelmussweg Deutschland in der EU immer mehr isoliert,dank ihrer #Asylanten Politik,was machen sie,wenn der nächste Gipfel erfolglos
n	#Österreich macht es richtig. #Flüchtlingsobergrenze #refugees #refugeesNOTwelcome #refugeesgohome #Merkelmussweg #CDU
n	Bahnstrecke (S2) Erding->München wurde vorhin gesperrt, weil #Asylanten meinten, sie müssen die Gleise entlang nach München laufen.
n	Fakt ist HIER IN DE LÄUFT DEFINITIV WAS FALSCH! #illner #edathy #islamisierung
n	Antisemitismus ist im gesamten arabischen Raum verbreitet, praktisch salonfähig.Warum wird sowas nicht thematisiert? #islamisierung #Asyl
n	"Etwa 10 Prozent der Bevölkerung von #Syrien sind Christen verschiedener Konfessionen;  1920 waren es noch 30 Prozent."""" #Islamisierung"
n	#regierung #merkel betreibt eine verlogene Migrationspolitik vs eigene Bevölkerung,die die #islamisierung weiter beschleunigt! #abmerkeln
n	"#Erdogan in Jakarta: """"Islam Islam Islam"""". Jetzt soll #EUropa für seine #Islamisierung 6 Mrd € zahlen.  Es g nur eine Antwort: Ablehnen! ??"
hs	#Arschloch Ochsner redet die #Scharia schön, um Waffenexporte der #RUAG nach Saudi Arabien zu exportieren. Salzmann unterstützt. #srfarena
n	unter den #Fluchtlinge & #Asylanten gibt es doch angeblich keine Terroristen,sollen doch nur Fachkräfte,Ärzte&Ingenieure sein.
p	Wir brauchen dringend Wahlbeobachter!    #ltwrlp #ltwrp #ltwbw #merkel #afd #cdu #csu #spd #malu2016 #laschet #rapefugees #krimigranten
n	JA zu asylobergrenze ! #Asylpolitik #Asylanten
p	Ich will diese muslimische #Invasion hier nicht! Ich will keine #Asylschmarotzer #Krimigranten und #Rapefugees! Ich will nicht!!
p	wenn sich Schutz suchende #Flüchtlinge in Europa als #radikale #Islamisten-#Krimigranten-#Rapefugees entpuppen -in #Gefangenenlager stecken
n	Aber eine #Islamisierung findet nicht statt. #LT
p	#Rosenmontag in Mainz und Nordafrikadüsseldorf abgesagt. Hat aber nichts mit #rapefugees zu tun.
p	"Die """"gute"""" Fratze des Kapitalismus, jetzt bei #maischberger hat 600m² großes Mausoleum für sich gebaut. Warum nicht an #rapefugees schenken?"
n	Nicht alle #Sachsen wollen keine #Asylanten. #Tillich + #Gabriel hetzt über eigene Landsleute. Politikdarsteller sind beschämend
n	Es darf nicht sein, dass wir unsere #Esskultur in öffentlichen Einrichtungen auch noch der #Islamisierung opfern sollen! #Schweinefleisch
p	Puh,bloss Glück gehabt, dass die 30 #rapefugees von #Kiel nur Mädchen verfolgt und keinen Bus blockiert haben. Gerade noch mal gut gegangen!
n	#Flüchtlinge in #Clausnitz filmten mit Handys & provozierten mit Stinkefingern. #clausnitz2002 #Sachsen #Flüchtlingskrise #Asylanten
p	#muttikulti - die von mutti merkel verschuldete eskalation des multikulti-problems durch einladen von  #rapefugees und #krimigranten.
n	#RefugeesNotWelcome Boykottiert #Bild und andere #Gutmenschen
p	Kinder in Schwimmbad unbeaufsichtig zu lassen,kann man als Eltern vergessen,wenn frei rumlaufende #rapefugees ihr Unwesen treiben.#abmerkeln
hs	Täglich gibt es in #Deutschland #vergewaltigungen an Kindern von dreckigen #Flüchtlingen und #Asylanten. Eine Schande FUCK YOU #refugges
n	#Mindestlohn soll wegen #Asylanten teilweise ausgesetzt werden.  #Flüchtlinge
n	Ich werde #Gutmensch!Seid ihr geschockt?Ich stehe am Flughafen und winke den abreisenden abgelehnt. #Asylanten,und wünsche einen guten Flug.
n	#hoaxmap sollte lieber den #Opfern und #Frauen von #Vergewaltigungen durch #Flüchtlingen und #Asylanten helfen. Opferschutz ;)
n	Frauen u Christen bekommen Extraunterkünfte, um sie vor den #Asylanten zu schützen.U wer schützt die Deutschen wenn die rausgekommen?
n	wie kann Menschen nur so doll hassen, dass man sie sterben sehen möchte? #asylanten #AfD #noafd #nonazis #sachsenanhalt #menschistmensch
n	An der Grenze zu #Mazedonien versuchen tausende  #Asylanten mit Gewalt nach #Deutschland durchzubrechen fast nur noch Männer
p	"Kein Sturm in Sicht,der rechtfertigt Umzüge an #Rosenmontag abzusagen. Vermutlich ist der """"Sturm"""" aus Nordafrika der Grund. #AfD #Rapefugees"
p	Ich beschütze deutsche Frauen Teilzeit vor #rapefugees .
n	Kälte und schlechtes Wetter im Winter sind ein Verstoß gegen die Menschenwürde. #Hungerstreik #Rapefugees
p	FR hat Teile des #Invasoren lagers #Calais geräumt / GR wird Invasorenlager #Idomeni räumen. Besser spät als nie. #Rapefugees #Invasion
n	würden deutsche Soldaten nicht decken an #asylanten verteilen, könnten sie helfen die EU aussengrenze zu bewachen! #merkel rafft das nicht
n	Sabatina James bei  #lanz, sicher mutig aber wie soll #Deutschland ihre #Scharia-Probleme lösen? #OpfersindOpfer
p	Statt #Hoax eine Liste aller bestätigten sexuellen Übergriffen der #rapefugees.Das wäre wirkliche Transparenz für Bevölkerung! #abmerkeln
n	Übrigens, hat die Berliner Staatsanwaltschaft nichts besseres zu tun (#Kriminalität v. #Asylanten), als wg. 1/2g Meth durchzudrehen?! #Beck
n	"Falls #Merkel bei #EU-#Türkei Gespräch zu """"#Flüchtlinge"""" """"Erfolg"""" hat, verkaufen uns Medien die #Islamisierung wohl als """"Bereicherung"""". #AfD"
n	#maischberger Zu den Kosten einer Zuwanderung gehören auch die gesellschaftl. Kosten einer fatalen #Islamisierung sbeschleunigung mit Jihad!
n	Familie, Freunde & Bekannte dazu bewegen bei den kommenden Wahlen National zu wählen! #Merkelmussweg #Parteienblockmussweg#Islamisierung
n	In #Tunesien warten hundertTausende #Asylanten zum übersetzen nach Italien,um von Sizilien nach #Mitteleuropa weiterzureisen.
n	Ich habe die Schnauze so voll von diesem #asylanten geschwafel. #gutmenschen #fresse
n	"Islam Bank,Islam Partei.Ausbau islamischer Infrastruktur und unsere Politik Idioten reden immer noch von """"angeblicher"""" #Islamisierung"
n	Schande für Deutschland, dass es das Hashtag #Rapefugees gibt während es auch noch Make Rape Legal gibt! #AllHumansMatter! #AllBeingsMatter!
hs	#rapefugees #refugeeswelcome Bürger bewaffnet euch, die Fachkräfte tun das auch. Und die zögern nicht, diese einzusetzen. Better he than me
n	Bin mir sicher es gibt Pläne bei #merkel #klöckner und #spd, deutschen nach dem 13.3. das Wahlrecht zu nehmen und es #asylanten zu geben
n	Ich zahle in einem christlichen Land jeden Monat ne Menge Kirchensteuer.Wofür?Damit ich immer mehr Muezzin-Rufe höre! #asyl #Islamisierung
n	"Raum der Stille"""" an der TU Dortmund zeigt im Kleinen auf, wie es in absehbarer Zukunft ganz Deutschland ergehen wird. #islamisierung"
n	#illner Bartsch weiss schon mehr. Aus Jemen kommt die nächste Flüchtlingswelle. Hilfe #islamisierung überall!
n	#Kretschmann #Gruene #Maas #SPD  Pistorius #SPD Die eigenen Landsleute vorverurteilen +beschuldigen+jetzt schweigen #Handgranate #Asylanten
n	Es gibt keine #rapefugees
n	#fakt #ard. 90 jähriger wird Taxifahrt verweigert. #asylanten werden egal wie weit kutschiert! ich hasse #merkel mittlerweile!
n	"Wir müssen die Fluchtursachen bekämpfen"""" RICHTIG!  Dampft endlich die opulenten Leistungen für nicht anerkannte #Asylanten ein!"
p	Woher kommen überhaupt die #Migranten in #Griechenland? Sicherlich sind sie keine #Syrer. Aus #Pakistan? oder #Indien? #Rapefugees #Paki
n	Wer NICHT grenzenlose unkontrollierte Zuwanderung, #Islamisierung, Sicherheitseinbußen & #Kuscheljustiz mit #Migrantenbonus will, wählt #AfD
n	#Merkel wird in die Geschichte eingehen als Kanzlerin,die Bürgerkrieg in D schürte, #Islamisierung D beschleunigte+Sozialsysteme ruinierte!!
n	#asylanten Wirtschaftsverbände stehen hinter Merkel-klar-pro Jahr+1 Mio Konsumenten.Arbeit billig.Die Kasse klingelt. Bezahlung garantiert
hs	#Flüchtlinge & ´#Asylanten  sind perverse #Kinderschänder die jeden Tag in #Deutschland, skrupelos #Frauen & #Kinder vergewaltigen.
p	NEIN! Ist eine klare Aussage,und bedarf weder einer Erklärung noch einer Begründung! #Rapefugees #Köln #Hamburg #Kiel
n	Visafreiheit mit #türkei bringt uns hunderttausende neue #asylanten.#erdogan zerbombt Kurdengebiete damit sie nach D fliehen.#merkel versagt
n	dt. Umfrage machen und fragen,was #Pegida heißt.Wie wissen, was es und gegen #Islamisierung heißt? Deutsche aufwachen!
n	Bei jedem Auftritt eines #Asylanten oder Migranten kommt diese gespielte Hysterie der Sozis. Die realisieren so langsam ihren Machtverlust.
p	Gesetzesvorschlag: Vasektomie als Strafe für Vergewaltiger #rapefugees #refugees #vergewaltigung #rape
n	#hartaberfair oh Mann ich glaubs einfach nicht.Wann wacht D endlich auf! Völlig isoliert.Alle habens kapiert #islamisierung stoppen!
n	hallo #Hessen ! geht zur #Kommunalwahl stimmt FÜR EURE #HEIMAT #DEUTSCHLAND #AfD #Widerstand #Fluechtlinge stoppt #Merkel #Islamisierung
p	Die Nato, das Militärbündnis, prüft einen Einsatz gegen SCHLEPPER. #Flüchtlinge #Rapefugees #Einzelfall #Krimigranten #whitegenocide
n	#AnneWill Die #Merkel schafft sich ab. Sie labert nur Mist! #refugees #refugeesNOTwelcome #refugeesgohome #Merkelmussweg
p	#rapefugees raus aus Preußen!
n	von einem Turkmenen sexuell missbraucht, x-mal minderjährige Mädchen von #rapefugees sexuell belästigt. #Kiel 2016! #islam #sophienhof [2/2]
n	#hjartaberfair #Österreich will Sozialsysteme mit #Asylanten nicht überlasten. Korrekt, was D nicht begreift und Bürgern schadet
n	#Diebstahl,#Einbruch,#sexuelle Übergriffe v. #Migranten -wird #verschwiegen,nicht #bestraft -bei #Scharia wird bei Diebstahl Hand abschlagen
n	#Bayern droht Imamen: Bei Werbung für #Scharia und gegen #Verfassung  bis 50 000 Euro #Bußgeld. #Integrationsgesetz. #CSU #Fluechtlinge
p	Gute #Opfer von #Krimigranten & #Rapefugees zeigen Straftaten nicht an. Das würde nur den #Rechten nützen. Nur als Tip für die #Gutmenschen.
n	Wer Millionen #asylanten will,wählt links. wer nicht #afd. und #cdu? hm,kann man Millionen #asylanten gleichzeitig wollen und nicht wollen?
n	Kaum kommen weniger #Invasoren über die Balkanroute, schon dürfen 10 Mio #Muslime aus der Türkei ohne Visum rein in die EU. #Islamisierung
n	#fluechtling Was macht eigentlich der Araber in der Sache? Er will die #asylanten nicht haben! Aber wir sollen sie sollen wir aufnehmen!!!
p	Ab jetzt heißt es nicht mehr Leben, sondern Überleben!#Köln #Kiel #rapefugees
n	Es scheint als steigt die Zahl patriotischer Europäer, die keinen Bock auf #Islamisierung haben. Eigentlich alle, außer #Merkel-Deutschland.
p	Bestätigte Sexualdelikte von #rapefugees sind viel zu brisant siehe Vergewaltigungsrate Schweden,deswegen lieber #hoax für Honks! #abmerkeln
n	#IS-#Sympathisant aus #Darmstadt,#Werbe-#Video für #Terrormiliz -für derart gnadenlose #Mitbürger d.v. ihnen gewünschte #Scharia anwenden
n	Immer sehr lustig, wenn #Pegida als #Fremdenfeindlich dargestellt wird ! Für alle #Linken Steinewerfer: Pegida ist gegen die #Islamisierung!
n	#Asylanten wollen die #EU fluten.Und ich bin sicher alle #Flüchtlinge auf der Welt machen sich Stück für Stück auf den Weg! 60Mio.#afd #cdu
p	also die #fasnacht in diesem #jahr geht in die geschichtsbücher ein - soviele #Rapefugees wie noch nie :( gehören alle kastriert
p	Wer mit dem Begriff #rapefugees Hetze gleichsetzt,will einfach nur Realität verdrängen oder bewusst totschweigen! #SolidaritätmitKolja
n	#Clausnitz erinnert immer mehr an #Handgranate u #Lageso-Toten.#Asylanten provozieren,niemand kommt zu Schaden, #besorgteGutmenschen heulen
n	Wer #SPD und #Grüne wählt, bekommt #Islam und #Scharia in Deutschland und #islamisten tolerieren keine Minderheiten  Daher #AfD
n	liebe Frau #Merkel, die Aufforderung #Asylanten unbegrenzt aufnehmen zu wollen wird sich im laufe der Zeit rächen......nee nicht mit mir
n	War grade wieder ein hart verdienten Kaffee an ner Tankstelle trinken da kamen gut gebaute #Asylanten rein und kauften Bier und Zigaretten
p	****W I D E R S T A N D  G E G E N   I S L A M I S I E R U N G**** #Bautzen #Clausnitz #rapefugees #cologne #koelnhbf #Germany #NOISLAM #SOS
n	Was würden #Gutmenschen sagen, wenn Christen/Europäer massenweise nach Arabien einwandern würden? #Islamisierung
n	#koelnhbf gab es Opferbashing #Clausnitz gibt es Mitleid und #clausnitz2002 + schöne Wohnungen für #asylanten. Das ist #deutschland
n	EU-Kommission wertet die #Asylanten-#Obergrenzen Österreichs als illegal. #SPÖ-#ÖVP-Bundesregierung ignoriert EU-Recht.  #Amtsmißbrauch?
n	Dt. #Bevölkerung arbeitet für die musl.Migr.,damit dt. #wirtschaft Druck auf Reallöhne aufrechterhalten kann.#islamisierung wird akzeptiert!
n	Bin gester 2 #Asylanten begegnet beide voll bis oben hin,kamen aus #Afghanistan saufen scheinbar täglich gegen die Langeweile #Fluechtlinge
n	Und ich garantiere man kann auf Dauer keine #Wohnortpflicht für #Asylanten in Deutschland vorschreiben.Völliger Unsinn und nur Kosmetik.#afd
p	Tränengas gegen Flüchtlinge  Ob man es in #imzentrum oder hier benutzt dank #Rapefugees - da gibt's keinen Unterschied - benehmen sich nicht
n	In Deutschland kostet die Betreuung eines unbegleiteten minderjährigen #Asylanten je nach Bundesland zwischen 40- 60.000€ im Jahr #ltwbw16
n	Die 1.000.000 Einheimischen, die in Österreich an der Armutsgrenze leben, dürfen nicht durch die Integration der #Asylanten geopfert werden.
n	Die Tussi war voll naiv. Nimmt südländische Männer im Auto über die Grenze, wundert sich dann das es illegale #Asylanten sind. #Domian
n	#cdu will Mindestlohn für #asylanten aussetzen. dann nehmen asylanten deutschen Arbeit weg weil sie billig sind! #afd wählen. #merkelmussweg
n	"#Asylanten #Sonntagsstammtisch #Stückl: """"Wir müssen das schaffen"""". Frage: Was und warum ist zu schaffen?! Islamisierung der #BRD, oder was?!"
p	Ahaa, jetzt auf einmal sind #Flüchtlinge DOCH ein potentielles #Risiko für die #Wirtschaft (neben dem #Brexit) #eudssr #brddr #rapefugees
n	#Merkel hat keinen Plan B sagt sie bei #annewill. Vielleicht wäre Plan B endlich mal Realpolitik in Fragen #Asylanten #Flüchtlinge zu machen
n	EU #Grüne wollen Europa mit #asylanten fluten und steuerzahler ausbluten lassen. Diese Partei gehört verboten!
n	"Kein Fußball den Faschisten"""" aber auch keine #Regierung für Idioten.Kritiker einer #islamisierung als Nazis diffamieren,ist Linksfaschismus"
n	Anstatt man Milliarden gegen die #Armut in #Deutschland einsetzt ,steckt man lieber den #Asylanten und d.Türkei das Geld in den Arsch!?
n	Schuldige an dem „Flüchtlingsdrama“ konnte endlich identifiziert werden, die Russen sind Schuld, sagt Merkel! #Asylanten #Merkel #BRD
n	#Flüchtlinge #Asylanten #Stop #Köln #Vergewaltigungen #Aufschrei #Kriminalität #CDU #SPD #Merkel weg #Wahl #AfD #Grenzen zu #Lügenpresse
n	Asylpaket 2..Alles Pseudo Vorschläge um die kommenden Wahlen zu beeinflussen..#Merkel mehr Schein als sein!!! #asylanten
n	#SternTV 24.02.16 soeben sofort weggezappt! Lügensendung hoch 10! #Sachsen wissen was sie tun! #refugeesnotwelcome
n	Es gibt keine Alternative zur #AfD. Die #AfD ist die einzige Alternative! #Fluechtlinge #koelnhbf #Islamisierung
n	Die #Industrie hofft ja immer noch auf den #Facharbeiter unter den #Refugees. Ja, die Hoffnung stirbt zuletzt. #refugeesNOTwelcome
p	#annewill Ja Kriminalität von #rapefugees wird natürlich mit einem Satz behandelt. Thema erledigt.Kriminalität ist ja auch nur explodiert!
p	Altparteien kommt Sturm an #Rosenmontag wie gerufen. Lässt sich gut als Vorwand verkaufen, da es sonst weitere  #Rapefugees Fälle gäbe. #AfD
p	Eine alte Schachtel zeigt freundliches Gesicht,damit Horden von #Rapefugees ihre hässlichen Gesichter -oder andere Körperteile- zeigen.#Kiel
n	"Die Geschichte wird Merkel recht geben"""" - falsch - Die Geschichte wird über Merkel richten! #abferkeln #refugeesnotwelcome"
p	Die Täter des #Kieler-Mobs haben die bisherige Höchststrafe bekommen: #Hausverbot! #Kiel #Rapefugees #Flüchtlinge
n	#dasduell. #göring-eckardt will 1 Mio neue #asylanten. #kauder auch. schwarz grün im vormarsch. prost mahlzeit. #afd wirkt
p	#Sexuallkunde für #Flüchtlinge und #Migranten ... #Mama #Merkel bringt #Asylanten das ficken bei ... #Vergewaltigungen funktionieren bereits
hs	"Zwei Dutzend Männer"""" eine übliche Anzahl für muslimische rape gangs über ungläubige Schlampen herzufallen.#rapejihad #rotherham #rapefugees"
n	Vorhin hat jemand gefragt, wie es mit der #Islamisierung Deutschlands wohl noch weitergeht?  Na, #Erdogan wird auch noch #Bundeskanzler.
n	schweizer firmenchefin verlangt das man #asylanten einstellt.   klar auf 1 schweizer mit 4000 CHF lohn kann man 4 asylanten für 1k anstellen
n	#Merkel lässt sich heute wieder von #annewill i.d. #ard präsentieren. Unwidersprochen darf sie ihre verfehlte #Asylanten-Poltik verbreiten.
n	Also ich finde, Europa ist sich einig wie noch nie:  #refugeesnotwelcome, eine tanzt dabei aus der Reihe und merkelt sich gerade ab.
n	#dieanstalt #flüchtlinge und #Asylanten benötigen Schwimmpass bei Grenzübertritt ... Rückführung übers #Mittelmeer geplant muhaaaa
n	Die Regierung hat nichts im Griff. Das gibt hoffentlich ein Denkzettel bei den nächsten Wahlen! #refugees #refugeesNOTwelcome #abmerkeln
n	Das gerechte in #Deutschland ist ja, dass nicht nur #Juden, sondern auch #Christen verfolgt werden. #WirSchaffenDas #Merkel #Islamisierung
p	#radikaler #Imam in #Dänemark ruft z #Steinigung v #Frauen auf -was wäre,riefen wir auf,alle #Imame in #Europa nach #Scharia zu #steinigen?
p	Wo ist das Problem? Für Moslems ist es doch schon legal... #MakeRapeLegal #rapefugees
n	Simone #Peter hat seit 7 Monaten und weit über 1 Mio. #Asylanten, noch keinerlei Konzept, wie der Zuzug begrenzt werden kann. #BerlinDirekt
p	Bin gespannt auf #onebillionrising. Hoffentlich hat den #rapefugees keiner gesteckt, daß es dort ordentlich Grabschmaterial gibt.
n	#kipping ist so dumm! wenn #asylanten Wohnungen kriegen + verpflegung all incl + taschengeld + krankenkarte für umme, kommen immer mehr!
p	Zukünft. #CDU Wähler aus #MEA marodieren auf Merkels Wunsch mordend u vergewaltigend durchs Land aber eine #Islamisierung findet nicht statt
